{"Male" : { "Rect_H1" : {"white" : [0.000211,0.000358,0.000536,0.000786,0.000926,0.001066,0.001201,0.001188],
                         "black" : [0.000246,0.000349,0.000564,0.000644,0.000778,0.000958,0.000950,0.000719],
                         "hispanic" : [0.000186,0.000296,0.000446,0.000671,0.000690,0.000898,0.001126,0.000966],
                         "asian" : [0.000259,0.000403,0.000528,0.000731,0.000876,0.001029,0.001171,0.001075]},
            "Prxm_H1" : {"white" : [0.000155,0.000284,0.000502,0.000820,0.001247,0.001740,0.002286,0.002682],
                         "black" : [0.000297,0.000498,0.000805,0.001091,0.001445,0.001979,0.002346,0.002759],
                         "hispanic" : [0.000120,0.000175,0.000326,0.000604,0.000871,0.001179,0.001316,0.001368],
                         "asian" : [0.000104,0.000182,0.000295,0.000521,0.000844,0.001158,0.001335,0.001516]},
            "Dist_H1" : {"white" : [0.000145,0.000279,0.000469,0.000713,0.000906,0.001105,0.001232,0.001217],
                         "black" : [0.000193,0.000312,0.000514,0.000652,0.000976,0.001071,0.001231,0.001052],
                         "hispanic" : [0.000114,0.000188,0.000375,0.000562,0.000646,0.000790,0.000774,0.000727],
                         "asian" : [0.000149,0.000299,0.000470,0.000755,0.000949,0.001105,0.001325,0.001299]},
            "H2"      : {"white" : [0.005925,0.009422,0.015259,0.024038,0.036741,0.056801,0.090789,0.172060],
                         "black" : [0.012981,0.018750,0.026639,0.036626,0.053901,0.072544,0.104657,0.161846],
                         "hispanic" : [0.005444,0.008031,0.012202,0.018640,0.028573,0.043444,0.067404,0.125284],
                         "asian" : [0.001846,0.003296,0.005037,0.007991,0.013320,0.020672,0.034366,0.060019]}
          },
 "Female" : { "Rect_H1" : {"white" : [0.000133,0.000210,0.000310,0.000416,0.000520,0.000648,0.000765,0.000828],
                           "black" : [0.000171,0.000270,0.000328,0.000382,0.000472,0.000550,0.000617,0.000633],
                           "hispanic" : [0.000111,0.000163,0.000205,0.000361,0.000383,0.000492,0.000494,0.000583],
                           "asian" : [0.000152,0.000232,0.000261,0.000369,0.000455,0.000530,0.000679,0.000692]},
              "Prxm_H1" : {"white" : [0.000123,0.000234,0.000428,0.000692,0.001054,0.001497,0.002012,0.002419],
                           "black" : [0.000265,0.000409,0.000664,0.000922,0.001295,0.001576,0.001999,0.001972],
                           "hispanic" : [0.000100,0.000152,0.000288,0.000447,0.000603,0.000861,0.001197,0.001440],
                           "asian" : [0.000100,0.000183,0.000243,0.000470,0.000628,0.000903,0.001324,0.001442]},
              "Dist_H1" : {"white" : [0.000115,0.000187,0.000304,0.000420,0.000589,0.000679,0.000787,0.000848],
                           "black" : [0.000170,0.000250,0.000357,0.000542,0.000660,0.000790,0.000827,0.000878],
                           "hispanic" : [0.000103,0.000145,0.000209,0.000283,0.000366,0.000430,0.000478,0.000579],
                           "asian" : [0.000180,0.000208,0.000303,0.000403,0.000510,0.000653,0.000835,0.000849]},
              "H2"      : {"white" : [0.003470,0.005648,0.009149,0.014204,0.022322,0.035573,0.059986,0.140308],
                           "black" : [0.007032,0.010488,0.015447,0.022107,0.032485,0.045314,0.068282,0.129679],
                           "hispanic" : [0.002782,0.004358,0.007048,0.011123,0.017398,0.026963,0.045222,0.102642],
                           "asian" : [0.001104,0.002035,0.002446,0.005316,0.007556,0.012937,0.020517,0.040867]}
            }
}