{
    "man_Rect_Beta" : [0.6760430335,2.0252428101,1.3283598064,0.4202874746,0.4006854532,0.1882660083],
    "man_Prxm_Beta" : [0.5101756750,0.3843918169,0.1129943060,0.5536174113,0.2656643161,0.2327835021,0.3511482106,0.5707313462,0.4541009837,0.4343130874,0.5935996371],
    "man_Dist_Beta" : [0.3197633636,1.0404879015,0.2956944224,0.9602749397,0.3413610714,0.5158856117],
    "feman_Rect_Beta" : [1.0026582,2.0981550,2.1632906,0.3993965,0.4277258,0.3561877,0.4620743,0.0927766,0.2250899,0.3388585],
    "feman_Prxm_Beta" : [0.1458625,0.3270045,0.4661512,0.5995456,0.9630810,0.6048391,0.3823322,0.4103523],
    "feman_Dist_Beta" : [0.3642435,1.2356447,1.4698426,1.1528665,0.7421865,0.3693600,0.0771453,0.9873503],
    "male_One_AR" : [0.0997288919,0.1362456771,0.2754945996],
    "femal_One_AR_l65" : [0.0734559,0.1886108,0.1779839],
    "femal_One_AR_g65" : [0.0734559,0.1886108,0.1480757]
}